"","GGTAATACGTAGGGTGCAAGCGTTAATCGGAATTACTGGGCGTAAAGCGTGCGCAGGCGGTTCGGAAAGAAAGATGTGAAATCCCAGAGCTTAACTTTGGAACTGCATTTTTAACTACCGGGCTAGAGTGTGTCAGAGGGAGGTGGAATTCCGCGTGTAGCAGTGAAATGCGTAGATATGCGGAGGAACACCGATGGCGAAGGCAGCCTCCTGGGATAACACTGACGCTCATGCACGAAAGCGTGGGGAGCAAACAGG","GGTAATACGAAGGGGGCTAGCGTTGTTCGGAATTACTGGGCGTAAAGCGCACGTAGGCGGATATTTAAGTCAGGGGTGAAATCCCGCAGCTCAACTGCGGAACTGCCTTTGATACTGGGTATCTTGAGTATGGAAGAGGTAAGTGGAATTCCGAGTGTAGAGGTGAAATTCGTAGATATTCGGAGGAACACCAGTGGCGAAGGCGGCTTACTGGTCCATTACTGACGCTGAGGTGCGAAAGCGTGGGGAGCAAACAGG","GGTAATACAGAGGGTGCAAGCGTTAATCGGAATTACTGGGCGTAAAGCGCGCGTAGGTGGTTTGTTAAGTTGGATGTGAAATCCCCGGGCTCAACCTGGGAACTGCATTCAAAACTGACTGACTAGAGTATGGTAGAGGGTGGTGGAATTTCCTGTGTAGCGGTGAAATGCGTAGATATAGGAAGGAACACCAGTGGCGAAGGCGACCACCTGGACTGATACTGACACTGAGGTGCGAAAGCGTGGGGAGCAAACAGG","GGTAATACGAAGGGTGCAAGCGTTACTCGGAATTACTGGGCGTAAAGCGTGCGTAGGTGGTTGTTTAAGTCTGTTGTGAAAGCCCTGGGCTCAACCTGGGAATTGCAGTGGATACTGGGCGACTAGAGTGTGGTAGAGGGTAGTGGAATTCCCGGTGTAGCAGTGAAATGCGTAGAGATCGGGAGGAACATCCATGGCGAAGGCAGCTACCTGGACCAACACTGACACTGAGGCACGAAAGCGTGGGGAGCAAACAGG","GGTAATACGAAGGGTGCAAGCGTTAATCGGAATTACTGGGCGTAAAGCGCGCGTAGGTGGTTCGTTAAGTTGGATGTGAAAGCCCCGGGCTCAACCTGGGAACTGCATCCAAAACTGGCGAGCTAGAGTATGGCAGAGGGTGGTGGAATTTCCTGTGTAGCGGTGAAATGCGTAGATATAGGAAGGAACACCAGTGGCGAAGGCGACCACCTGGGCTAATACTGACACTGAGGTGCGAAAGCGTGGGGAGCAAACAGG","GGTAATACGAAGGGTGCAAGCGTTACTCGGAATTACTGGGCGTAAAGCGTGCGTAGGTGGTTGTTTAAGTCTGTCGTGAAAGCCCTGGGCTCAACCTGGGAATTGCGATGGAAACTGGGCAACTAGAGTGTGGCAGAGGATAGTGGAATTCCTGGTGTAGCAGTGAAATGCGTAGAGATCAGGAGGAACATCCGTGGCGAAGGCGACTGTCTGGGCCAACACTGACACTGAGGCACGAAAGCGTGGGGAGCAAACAGG","GGTAATACGAAGGGGGCTAGCGTTGCTCGGAATTACTGGGCGTAAAGGGCGCGTAGGCGGACATTTAAGTCAGGGGTGAAATCCCAGAGCTCAACTCTGGAACTGCCTTTGATACTGGGTGTCTTGAGTGTGAGAGAGGTATGTGGAACTCCGAGTGTAGAGGTGAAATTCGTAGATATTCGGAAGAACACCAGTGGCGAAGGCGACATACTGGCTCATTACTGACGCTGAGGCGCGAAAGCGTGGGGAGCAAACAGG","GGTAATACGTAGGGTGCAAGCGTTAATCGGAATTACTGGGCGTAAAGCGTGCGCAGGCGGTGATGTAAGACAGTTGTGAAATCCCCGGGCTCAACCTGGGAACTGCATCTGTGACTGCATCGCTGGAGTACGGCAGAGGGGGATGGAATTCCGCGTGTAGCAGTGAAATGCGTAGATATGCGGAGGAACACCGATGGCGAAGGCAATCCCCTGGGCCTGTACTGACGCTCATGCACGAAAGCGTGGGGAGCAAACAGG","GGTAATACGAAGGGGGCTAGCGTTGTTCGGAATTACTGGGCGTAAAGCGCACGTAGGCGGACATTTAAGTCAGGGGTGAAATCCCAGAGCTCAACTCTGGAACTGCCTTTGATACTGGGTGTCTAGAGTATGGAAGAGGTGAGTGGAATTCCGAGTGTAGAGGTGAAATTCGTAGATATTCGGAGGAACACCAGTGGCGAAGGCGGCTCACTGGTCCATTACTGACGCTGAGGTGCGAAAGCGTGGGGAGCAAACAGG","GGTAATACGTAGGGTGCGAGCGTTAATCGGAATTACTGGGCGTAAAGCGTGCGCAGGCGGTTTGGTAAGACAGGCGTGAAATCCCCGAGCTCAACTTGGGAATGGCGCTTGTGACTGCCAGGCTAGAGTATGTCAGAGGGGGGTAGAATTCCACGTGTAGCAGTGAAATGCGTAGAGATGTGGAGGAATACCGATGGCGAAGGCAGCCCCCTGGGACGTCACTGACGCTCATGCACGAAAGCGTGGGGAGCAAACAGG","GGTAATACGTAGGTGGCAAGCGTTGTCCGGAATTATTGGGCGTAAAGCGCGCGCAGGCGGTCCTTTAAGTCTGATGTGAAAGCCCACGGCTCAACCGTGGAGGGTCATTGGAAACTGGGGGACTTGAGTGCAGAAGAGGAAAGTGGAATTCCAAGTGTAGCGGTGAAATGCGTAGAGATTTGGAGGAACACCAGTGGCGAAGGCGACTTTCTGGTCTGTAACTGACGCTGAGGCGCGAAAGCGTGGGGAGCAAACAGG","GGTAATACGAAGGGGGCTAGCGTTGTTCGGATTTACTGGGCGTAAAGCGCACGTAGGCGGACTAATAAGTCAGGGGTGAAATCCCGGGGCTCAACCCCGGAACTGCCTTTGATACTGTTAGTCTTGAGTATGGAAGAGGTGAGTGGAATTCCGAGTGTAGAGGTGAAATTCGTAGATATTCGGAGGAACACCAGTGGCGAAGGCGGCTCACTGGTCCATTACTGACGCTGAGGTGCGAAAGCGTGGGGAGCAAACAGG","GGTAATACGTAGGGCGCAAGCGTTGTCCGGAATTATTGGGCGTAAAGAGCTCGTAGGCGGTTTGTCGCGTCTGGTGTGAAAACTCAAGGCTCAACCTTGAGCTTGCATCGGGTACGGGCAGACTAGAGTGCGGTAGGGGTGACTGGAATTCCTGGTGTAGCGGTGGAATGCGCAGATATCAGGAGGAACACCGATGGCGAAGGCAGGTCACTGGGCCGCAACTGACGCTGAGGAGCGAAAGCATGGGGAGCGAACAGG","GGTAATACGAAGGGGGCTAGCGTTGTTCGGAATTACTGGGCGTAAAGCGCACGTAGGCGGGTATTTAAGTCAGGGGTGAAATCCCAGAGCTCAACTCTGGAACTGCCTTTGATACTGGGTACCTAGAGTATGGAAGAGGTAAGTGGAATTCCGAGTGTAGAGGTGAAATTCGTAGATATTCGGAGGAACACCAGTGGCGAAGGCGGCTTACTGGTCCATTACTGACGCTGAGGTGCGAAAGCGTGGGGAGCAAACAGG","GGTAATACGTAGGGGGCAAGCGTTGTCCGGAATTATTGGGCGTAAAGCGCGCGCAGGCGGTTCTTTAAGTCTGGTGTTTAAACCCGAGGCTCAACTTCGGGTCGCACTGGAAACTGGGGAACTTGAGTGCAGAAGAGGAGAGTGGAATTCCACGTGTAGCGGTGAAATGCGTAGATATGTGGAGGAACACCAGTGGCGAAGGCGACTCTCTGGGCTGTAACTGACGCTGAGGCGCGAAAGCGTGGGGAGCAAACAGG","GGTAATACGTAGGGTGCAAGCGTTGTCCGGAATTACTGGGCGTAAAGAGTTCGTAGGCGGTTTGTCGCGTCGTTTGTGAAAACCAGCAGCTCAACTGCTGGCTTGCAGGCGATACGGGCAGACTTGAGTACTGCAGGGGAGACTGGAATTCCTGGTGTAGCGGTGAAATGCGCAGATATCAGGAGGAACACCGGTGGCGAAGGCGGGTCTCTGGGCAGTAACTGACGCTGAGGAACGAAAGCGTGGGTAGCGAACAGG","GGTAATACGGAGGATCCAAGCGTTATCCGGAATCATTGGGTTTAAAGGGTCCGTAGGCGGTTTAGTAAGTCAGTGGTGAAAGCCCATCGCTCAACGGTGGAACGGCCATTGATACTGCTAAACTTGAATTATTAGGAAGTAACTAGAATATGTAGTGTAGCGGTGAAATGCTTAGAGATTACATGGAATACCAATTGCGAAGGCAGGTTACTACTAATGGATTGACGCTGATGGACGAAAGCGTGGGTAGCGAACAGG","GCTCAGGACGAACGCTGGCGGCGTGCTTAACACATGCAAGTCGAACGGAAAGGCCCTGCTTTTGTGGGGTGCTCGAGTGGCGAACGGGTGAGTAACACGTGAGTAACCTGCCCTTGACTTTGGGATAACTTCAGGAAACTGGGGCTAATACCGGATAGGAGCTCCTGCTGCATGGTGGGGGTTGGAAAGTTTCGGCGGTTGGGGATGGACTCGCGGCTTATCAGCTTGTTGGTGGGGTAGTGGCTTACCAAGGCTTTGACGGGTAGCCGGCCTGAGAGGGTGACCGGCCACATTGGGACTGAGATACGGCCCA","GGTAATACGAAGGGGGCTAGCGTTGCTCGGAATCACTGGGCGTAAAGGGCGCGTAGGCGGCCGATTAAGTCGGGGGTGAAAGCCTGTGGCTCAACCACAGAATTGCCTTCGATACTGGTTGGCTTGAGACCGGAAGAGGACAGCGGAACTGCGAGTGTAGAGGTGAAATTCGTAGATATTCGCAAGAACACCAGTGGCGAAGGCGGCTGTCTGGTCCGGTTCTGACGCTGAGGCGCGAAAGCGTGGGGAGCAAACAGG","GGTAATACGTAGGGTGCGAGCGTTGTCCGGAATTATTGGGCGTAAAGAGCTCGTAGGCGGTTTGTCACGTCTGCTGTGAAATCCCGAGGCTCAACCTCGGGCCTGCAGTGGGTACGGGCAGACTGGAGTGCGGTAGGGGAGATTGGAATTCCTGGTGTAGCGGTGGAATGCGCAGATATCAGGAGGAACACCGATGGCGAAGGCAGATCTCTGGGCCGTAACTGACGCTGAGGAGCGAAAGCGTGGGGAGCGAACAGG"
"1",10275,14045,19311,11367,1392,615,18,0,0,0,0,11,2,0,2,0,0,89,0,0
"2",9292,12828,17063,6445,621,494,7,0,0,0,0,5,5,0,29,0,0,2,0,0
"3",8831,18095,1383,15999,11927,2311,1619,6,331,0,0,87,2389,594,39,4,0,0,0,0
"4",8191,12394,3214,9421,9834,3681,1756,770,130,0,0,21,953,613,76,3,0,0,0,0
"5",8501,11538,1000,5420,11935,770,1209,112,348,17,0,239,1300,479,51,0,0,0,0,0
"6",16686,2617,3137,2074,15470,5117,125,143,27,5,141,8,479,139,53,7,0,0,0,0
"7",23730,2881,3446,2714,16671,2556,107,50,13,2,1,27,553,151,106,7,0,0,0,0
"8",756,183,361,41,282,284,5,24,5,1,0,5,84,33,55,0,0,0,0,0
"9",20805,4069,2771,2543,18708,4362,191,131,25,5,682,21,897,143,88,2,0,0,0,0
"10",33359,1088,1942,2142,17234,1513,46,2,2,1,0,8,460,64,51,5,0,0,0,0
"11",17893,4432,6861,4437,17454,9544,317,182,57,6,693,29,802,236,83,7,0,0,0,0
"12",33744,1134,3224,11233,1798,5702,375,5757,74,0,246,226,2,1043,10,3,0,0,0,0
"13",10715,18198,23110,3043,877,282,0,0,0,0,0,0,13,0,8,0,0,1,0,0
"14",24162,2034,10597,4949,3139,4226,295,4066,510,5,1584,540,11,2478,0,1,1,0,0,0
"15",24377,1630,8363,8432,2044,6106,1116,1276,216,1,1399,562,2,1569,22,2,0,0,0,0
"16",25716,1460,6658,6068,1807,3009,557,1185,398,0,992,694,2,2114,10,1,1,0,0,0
"17",22351,1477,9991,8553,2714,3789,346,1408,243,0,1231,711,5,1519,19,2,0,0,0,0
"18",35143,1164,5274,9031,2264,2584,971,783,445,0,1123,664,5,1517,14,4,0,0,0,0
"19",14219,2211,13239,1058,1733,1631,188,322,96,0,434,27,1,148,11,3,1,0,0,0
"20",27964,821,22898,1813,2423,3141,138,169,109,4,699,11,1,156,13,5,1,0,0,0
"21",23845,6591,25687,2266,2471,5288,410,393,232,3,1817,31,3,198,24,11,1,0,0,0
"22",33442,3924,34723,3430,1552,2143,264,1126,172,3,1115,41,4,361,35,9,0,0,0,0
"23",35667,4825,24989,1634,874,2245,404,1157,165,2,732,66,1,433,33,18,0,0,0,0
"24",15761,11553,23862,9202,909,150,18,0,0,0,1,2,13,0,60,0,0,1,0,0
"25",34480,2454,22470,2532,5263,5036,78,3361,155,1,1115,21,6,117,38,19,0,0,0,0
"26",19596,1121,2178,1362,1098,3428,11093,322,9373,4603,5,466,8,8,42,0,0,0,4,13
"27",15094,1327,1634,1057,5207,2214,10513,142,9018,1974,12,464,26,9,49,0,0,1,4,11
"28",15616,3140,736,1900,20714,4428,4353,853,6033,2641,379,440,40,9,63,0,329,0,0,15
"29",17666,1417,537,1192,11590,2664,6003,934,12184,7686,7,810,13,23,37,0,1,1,0,15
"30",13035,867,1227,684,1631,3115,7142,153,7748,5014,13,471,14,17,11,0,984,0,2,7
"31",17961,1980,1262,1778,1162,3253,6940,61,5738,3148,3,319,18,10,6,1,661,0,0,3
"32",14898,3881,1437,1345,461,1225,5999,9698,1001,2339,222,1733,107,62,32,294,36,0,112,32
"33",23482,1908,907,1439,662,427,8291,4429,584,3089,1203,1744,132,27,6,872,13,0,14,45
"34",17749,2974,2168,4933,520,3514,6931,6946,709,6196,265,2708,68,31,3,352,7,0,12,19
"35",11224,32012,10033,10529,2894,93,0,0,0,0,0,1,29,1,29,0,0,52,0,0
"36",13851,3114,1900,2970,968,789,8159,7920,802,2864,1050,2025,154,51,30,1227,21,0,77,50
"37",30390,4182,5392,18098,1954,1322,10429,12507,1066,11705,460,3175,94,43,14,812,8,0,32,36
"38",16941,8311,2299,1535,767,1197,8079,7432,1379,2774,400,3897,141,61,2,243,20,0,110,26
"39",21560,25461,4781,3691,2310,149,1,0,0,0,0,0,11,0,104,0,0,27,0,0
"40",3533,19701,5659,4303,915,53,2,0,0,0,0,0,3,0,5,0,1,87,0,0
"41",4768,27944,10746,4343,1657,185,3,0,0,0,0,1,1,2,1,0,0,2,0,0
"42",7394,23155,13951,5827,1104,192,0,0,0,0,0,2,20,2,4,0,1,0,0,0
"43",6395,22987,8208,7266,1032,63,0,0,0,0,0,11,6,0,31,0,0,3,0,0
"44",6090,25576,9117,6206,1829,112,0,0,0,0,0,0,14,0,48,0,0,2,0,0
"45",11282,18986,22418,4999,772,243,0,0,0,0,0,2,20,0,12,0,0,16,0,0
"46",21390,24729,22635,6043,1970,217,0,0,0,0,0,0,18,0,49,0,0,2,0,0
"47",7606,23297,8021,2337,885,55,0,0,0,0,0,0,11,0,12,0,0,2,0,0
"48",3777,17920,3869,9336,1688,221,0,0,0,0,0,0,10,0,17,0,0,1,0,0
"49",21010,12745,3719,6983,2979,111,0,0,0,0,0,0,12,0,28,0,0,0,0,0
"50",5274,35055,2834,9030,1087,304,0,0,0,0,0,1,10,0,16,4,0,5,0,0
"51",24330,294,23209,18645,6358,509,0,1,8,0,0,81,0,17,7,0,0,10,0,0
"52",31126,318,3912,19825,4630,106,0,7,124,0,0,29,1,216,3,0,0,32,0,0
"53",36908,103,3724,5703,655,161,3,71,169,1,0,105,0,3,5,0,0,55,0,0
"54",35669,32,5559,7303,1859,74,0,9,175,2,0,86,0,3,4,0,0,1,0,0
"55",42644,246,3127,5292,2136,670,0,20,114,0,0,200,0,37,6,0,1,0,0,0
"56",15598,13314,20040,4531,600,309,3,0,0,0,0,6,18,0,6,0,0,40,0,0
"57",38971,46,3203,6597,1371,571,2,26,136,1,1,56,0,28,1,0,0,2,0,0
"58",27727,37,1422,2866,1291,68,0,4,13,0,1,17,0,25,5,0,0,2,0,0
"59",12463,1001,18935,12517,2653,265,0,0,9,0,1,77,0,19,8,0,0,2,0,0
"60",39770,110,2050,4371,326,696,13,1,24,0,0,48,0,32,2,0,0,0,0,0
"61",48470,19,7277,11843,2551,1645,3,2,41,8,0,17,0,1,3,0,0,1,0,0
"62",21734,442,23771,11179,2996,303,3,1,60,0,0,142,1,20,1,0,0,1,0,0
"63",24620,148,13835,6563,1935,1044,1,4,44,0,0,314,0,5,4,0,0,2,0,0
"64",23921,26273,6743,1841,2262,68,1,0,0,0,0,0,27,0,138,0,0,65,0,0
"65",34988,82562,5339,16259,5235,662,3,1,0,1,2,2,61,0,525,0,0,62,0,0
"66",11065,21040,6467,1988,585,55,2,0,0,2,0,1,19,0,16,0,0,74,0,0
"67",14062,14794,29506,10011,1224,257,24,0,0,0,0,7,16,0,75,0,1,7,0,0
"68",7193,27248,9550,6781,1141,326,1,0,0,0,0,5,1,5,35,0,0,1,0,0
"69",5219,32757,4475,6067,778,90,0,0,1,0,0,7,6,0,84,0,0,0,0,0
"70",6420,33475,5740,4691,1696,246,2,0,0,0,0,3,22,0,88,0,0,6,0,0
"71",8267,33121,7474,6079,1472,256,4,0,0,0,0,2,6,0,59,0,0,2,0,0
"72",7148,32331,5959,5195,1654,160,3,1,1,0,0,0,8,0,93,0,0,5,0,0
"73",7997,25737,7680,4755,1205,148,10,0,1,0,0,0,18,0,17,0,0,1,0,0
"74",10445,27576,10961,5488,1283,340,1,0,0,1,0,1,19,0,10,1,0,4,0,0
"75",9945,23260,12939,14415,2578,659,0,1,2,1,0,30,13,0,39,0,0,1,0,0
"76",4507,36447,5718,6381,1041,195,14,0,1,1,1,2,11,0,20,0,0,1,0,0
"77",6766,17635,11632,18522,885,114,0,0,0,0,0,24,26,0,19,0,1,39,0,0
"78",12952,10914,20227,6877,988,457,10,0,1,0,0,4,12,0,55,0,0,1,0,0
"79",11034,7676,14119,10595,1151,145,3,111,13,0,0,9,38,5,14,0,0,64,0,0
"80",10126,9334,13292,7996,4468,104,7,1,0,0,0,17,34,2,14,0,0,94,0,0
"81",16354,15915,16225,4427,2173,66,2,0,0,0,0,20,31,0,35,0,0,3,0,0
"82",7699,10373,13048,13618,720,224,5,0,0,0,0,18,35,1,17,0,0,1,0,0
"83",6993,11884,12867,14391,445,197,20,0,0,0,0,36,48,0,27,0,0,1,0,0
"84",6080,14143,7630,11042,662,150,54,0,0,0,0,15,35,0,3,0,0,2,0,0
"85",9335,12243,10664,6482,1234,108,6,2,0,0,0,21,33,2,13,0,0,1,0,0
"86",7286,18072,16516,2805,379,280,1,29,5,0,0,9,22,0,22,0,0,3,0,0
"87",6525,11512,8976,12022,287,424,5,1,0,0,0,26,30,0,9,0,0,0,0,0
"88",9870,17596,17540,10547,1536,253,29,1,1,0,0,13,39,1,24,0,0,2,0,0
"89",13982,17949,28406,4088,1492,142,0,0,0,0,1,0,10,0,5,0,0,3,0,0
"90",5734,10604,15435,14075,1377,158,8,0,1,0,0,42,31,0,26,0,0,3,0,0
"91",23419,8582,5952,18922,3875,195,0,0,0,0,0,0,53,0,5,0,0,115,0,0
"92",17978,5390,5639,10382,11995,116,0,0,0,0,0,0,12,0,18,0,0,97,0,0
"93",22636,3861,4364,21831,2501,164,0,1,0,0,0,0,24,0,4,0,0,284,0,0
"94",43538,5240,2782,9833,1665,72,6,0,0,0,0,0,6,0,2,0,0,2,0,0
"95",23559,6722,5461,24256,5448,202,0,0,0,0,0,0,11,2,16,0,1,6,0,0
"96",14225,8746,7745,14133,7030,145,0,0,0,0,0,0,29,0,18,0,0,14,0,0
"97",15932,4798,3827,17075,2421,220,0,0,0,1,0,0,37,2,1,0,0,9,0,0
"98",11926,8336,3780,16214,3391,123,0,0,0,0,0,0,33,1,7,0,1,2,0,0
"99",13418,9973,2999,13555,2741,111,1,0,0,0,0,0,11,2,4,0,0,9,0,0
"100",12475,22234,23174,5086,978,395,0,0,0,0,1,5,15,0,43,0,0,2,0,0
"101",17099,11147,4646,11203,5782,167,0,0,0,0,0,0,23,0,2,0,1,3,0,0
"102",12937,11068,2905,12812,1663,49,0,0,0,0,0,0,22,0,3,0,0,2,0,0
"103",24010,22678,5831,22124,2689,78,0,1,0,0,0,0,10,0,2,0,0,3,0,0
"104",14479,21609,4476,14857,1060,267,4,60,1,0,0,5,5,0,6,0,0,75,0,0
"105",15865,22875,3032,11417,1339,96,0,0,0,0,0,3,8,3,20,0,0,23,0,0
"106",12010,21090,5000,8628,1163,108,28,73,0,0,0,0,12,0,4,0,0,75,0,0
"107",15809,20569,5195,11631,1089,170,18,0,0,0,0,4,16,1,7,0,0,0,0,0
"108",13935,23484,6184,14072,3053,108,6,2,0,0,0,1,8,0,5,0,0,1,0,0
"109",12747,22575,2872,8166,1400,49,0,0,0,0,0,2,4,0,0,0,0,3,0,0
"110",16451,22746,3083,9463,1585,110,0,1,0,0,0,4,10,0,3,0,0,1,0,0
"111",7649,22444,8115,7859,390,568,5,0,0,0,0,9,3,0,6,0,0,0,0,0
"112",13739,23541,4910,7348,1562,45,12,0,0,0,0,9,0,1,3,0,0,0,0,0
"113",13213,22754,3186,9709,1322,148,0,0,0,0,0,0,8,0,2,0,0,0,0,0
"114",18044,20980,2528,13525,609,95,0,0,0,0,0,5,15,1,5,0,0,1,0,0
"115",12201,23360,1992,12459,1457,82,0,0,0,0,0,8,2,0,1,0,0,3,0,0
"116",15388,21237,2863,11294,1545,62,0,4,0,0,0,4,3,0,2,0,0,2,0,0
"117",16260,13808,6885,8645,17582,1069,0,0,62,0,1,38,1283,58,221,0,0,0,0,0
"118",12781,13434,12462,4978,20079,171,4,0,48,0,0,13,861,2,640,0,0,0,0,0
"119",9628,12440,1909,13548,7328,5820,2050,0,337,0,0,54,569,167,79,18,1,1,0,0
"120",12558,13758,5487,6886,9714,2000,1235,5,649,1162,0,236,443,444,237,4,1,0,0,0
"121",11482,12424,7510,6533,10782,1885,1199,0,552,1026,0,254,397,439,439,3,0,0,0,0
"122",6821,15472,12603,4097,674,99,10,0,0,0,1,1,11,0,55,0,0,1,0,0
"123",12853,7493,3695,6965,6517,2624,1546,49,239,376,0,64,480,225,108,0,0,0,0,0
"124",13993,5165,5351,880,17674,2786,121,114,16,105,42,18,987,206,182,6,0,0,0,0
"125",7797,4470,14774,683,24243,1077,183,58,23,110,4661,10,507,107,704,0,0,0,0,0
"126",7684,3800,8419,1675,9612,3227,267,42,27,62,1190,12,769,81,145,1,0,0,0,0
"127",21187,3943,8099,1234,20429,4522,148,1357,24,141,347,14,1239,251,199,1,2,0,0,0
"128",10461,3868,7445,993,20524,3269,217,207,19,50,1469,13,663,122,252,5,2,0,0,0
"129",40913,2520,1957,1467,7335,2402,351,110,21,54,411,46,659,164,91,8,0,0,0,0
"130",10947,14637,2501,11646,7772,2906,1191,259,539,0,0,74,1239,364,48,10,0,0,0,0
"131",11363,13112,3082,5554,7452,1186,1568,234,269,2,0,99,766,614,366,8,0,0,0,0
"132",7296,11712,2561,5378,11588,1442,2005,285,142,1,0,88,1536,504,136,4,0,0,0,0
